,img,aveincome,zip
0,14_2794_6528.jpg,91291,91311
1,14_2794_6529.jpg,91291,91311
2,14_2794_6530.jpg,91291,91311
3,14_2794_6531.jpg,91291,91311
4,14_2794_6532.jpg,91291,91311
5,14_2794_6533.jpg,48950,91306
6,14_2794_6534.jpg,48950,91306
7,14_2794_6535.jpg,48950,91306
8,14_2794_6536.jpg,48950,91306
9,14_2794_6537.jpg,164167,90290
10,14_2794_6538.jpg,164167,90290
11,14_2794_6539.jpg,164167,90290
12,14_2794_6540.jpg,164167,90290
13,14_2794_6541.jpg,164167,90290
14,14_2794_6542.jpg,164167,90290
15,14_2795_6528.jpg,91291,91311
16,14_2795_6529.jpg,91291,91311
17,14_2795_6530.jpg,91291,91311
18,14_2795_6531.jpg,91291,91311
19,14_2795_6532.jpg,91291,91311
20,14_2795_6533.jpg,48950,91306
21,14_2795_6534.jpg,48950,91306
22,14_2795_6535.jpg,48950,91306
23,14_2795_6536.jpg,123995,91356
24,14_2795_6537.jpg,164167,90290
25,14_2795_6538.jpg,164167,90290
26,14_2795_6539.jpg,164167,90290
27,14_2795_6540.jpg,164167,90290
28,14_2795_6541.jpg,164167,90290
29,14_2795_6542.jpg,164167,90290
30,14_2796_6528.jpg,109775,91326
31,14_2796_6529.jpg,109775,91326
32,14_2796_6530.jpg,109775,91326
33,14_2796_6531.jpg,71330,91324
34,14_2796_6532.jpg,71330,91324
35,14_2796_6533.jpg,48950,91306
36,14_2796_6534.jpg,48950,91306
37,14_2796_6535.jpg,123995,91356
38,14_2796_6536.jpg,123995,91356
39,14_2796_6537.jpg,123995,91356
40,14_2796_6538.jpg,164167,90290
41,14_2796_6539.jpg,164167,90290
42,14_2796_6540.jpg,164167,90290
43,14_2796_6541.jpg,512481,90272
44,14_2796_6542.jpg,512481,90272
45,14_2797_6528.jpg,109775,91326
46,14_2797_6529.jpg,109775,91326
47,14_2797_6530.jpg,109775,91326
48,14_2797_6531.jpg,71330,91324
49,14_2797_6532.jpg,71330,91324
50,14_2797_6533.jpg,44992,91335
51,14_2797_6534.jpg,44992,91335
52,14_2797_6535.jpg,123995,91356
53,14_2797_6536.jpg,123995,91356
54,14_2797_6537.jpg,123995,91356
55,14_2797_6538.jpg,123995,91356
56,14_2797_6539.jpg,123995,91356
57,14_2797_6540.jpg,512481,90272
58,14_2797_6541.jpg,512481,90272
59,14_2797_6542.jpg,512481,90272
60,14_2797_6543.jpg,512481,90272
61,14_2798_6528.jpg,75220,91344
62,14_2798_6529.jpg,75220,91344
63,14_2798_6530.jpg,75220,91344
64,14_2798_6531.jpg,69735,91325
65,14_2798_6532.jpg,69735,91325
66,14_2798_6533.jpg,69735,91325
67,14_2798_6534.jpg,44992,91335
68,14_2798_6535.jpg,133171,91316
69,14_2798_6536.jpg,133171,91316
70,14_2798_6537.jpg,133171,91316
71,14_2798_6538.jpg,466588,91436
72,14_2798_6539.jpg,466588,91436
73,14_2798_6540.jpg,512481,90272
74,14_2798_6541.jpg,512481,90272
75,14_2798_6542.jpg,512481,90272
76,14_2798_6543.jpg,503487,90402
77,14_2799_6528.jpg,75220,91344
78,14_2799_6529.jpg,75220,91344
79,14_2799_6530.jpg,75220,91344
80,14_2799_6531.jpg,49155,91343
81,14_2799_6532.jpg,49155,91343
82,14_2799_6533.jpg,50669,91406
83,14_2799_6534.jpg,50669,91406
84,14_2799_6535.jpg,133171,91316
85,14_2799_6536.jpg,466588,91436
86,14_2799_6537.jpg,466588,91436
87,14_2799_6538.jpg,466588,91436
88,14_2799_6539.jpg,356178,90049
89,14_2799_6540.jpg,356178,90049
90,14_2799_6541.jpg,356178,90049
91,14_2799_6542.jpg,503487,90402
92,14_2799_6543.jpg,503487,90402
93,14_2799_6544.jpg,234048,90401
94,14_2800_6528.jpg,75220,91344
95,14_2800_6529.jpg,75220,91344
96,14_2800_6530.jpg,47678,91345
97,14_2800_6531.jpg,49155,91343
98,14_2800_6532.jpg,49155,91343
99,14_2800_6533.jpg,50669,91406
100,14_2800_6534.jpg,50669,91406
101,14_2800_6535.jpg,55564,91411
102,14_2800_6536.jpg,466588,91436
103,14_2800_6537.jpg,171564,91403
104,14_2800_6538.jpg,171564,91403
105,14_2800_6539.jpg,497365,90077
106,14_2800_6540.jpg,356178,90049
107,14_2800_6541.jpg,356178,90049
108,14_2800_6542.jpg,356178,90049
109,14_2800_6543.jpg,104664,90404
110,14_2800_6544.jpg,162449,90405
111,14_2800_6545.jpg,162449,90405
112,14_2801_6528.jpg,38236,91340
113,14_2801_6529.jpg,38236,91340
114,14_2801_6530.jpg,47678,91345
115,14_2801_6531.jpg,47678,91345
116,14_2801_6532.jpg,34910,91402
117,14_2801_6533.jpg,34910,91402
118,14_2801_6534.jpg,38525,91405
119,14_2801_6535.jpg,55564,91411
120,14_2801_6536.jpg,171564,91403
121,14_2801_6537.jpg,171564,91403
122,14_2801_6538.jpg,497365,90077
123,14_2801_6539.jpg,497365,90077
124,14_2801_6540.jpg,497365,90077
125,14_2801_6541.jpg,364074,90024
126,14_2801_6542.jpg,198244,90025
127,14_2801_6543.jpg,198244,90025
128,14_2801_6544.jpg,162449,90405
129,14_2801_6545.jpg,152214,90291
130,14_2801_6546.jpg,162658,90292
131,14_2802_6528.jpg,38236,91340
132,14_2802_6529.jpg,38236,91340
133,14_2802_6530.jpg,38236,91340
134,14_2802_6531.jpg,35610,91331
135,14_2802_6532.jpg,34910,91402
136,14_2802_6533.jpg,34910,91402
137,14_2802_6534.jpg,38525,91405
138,14_2802_6535.jpg,63463,91401
139,14_2802_6536.jpg,124591,91423
140,14_2802_6537.jpg,124591,91423
141,14_2802_6538.jpg,124591,91423
142,14_2802_6539.jpg,497365,90077
143,14_2802_6540.jpg,497365,90077
144,14_2802_6541.jpg,364074,90024
145,14_2802_6542.jpg,364074,90024
146,14_2802_6543.jpg,271152,90064
147,14_2802_6544.jpg,95109,90066
148,14_2802_6545.jpg,95109,90066
149,14_2802_6546.jpg,162658,90292
150,14_2802_6547.jpg,119443,90293
151,14_2802_6548.jpg,119443,90293
152,14_2803_6528.jpg,38236,91340
153,14_2803_6529.jpg,38236,91340
154,14_2803_6530.jpg,35610,91331
155,14_2803_6531.jpg,35610,91331
156,14_2803_6532.jpg,35610,91331
157,14_2803_6533.jpg,38387,91605
158,14_2803_6534.jpg,38387,91605
159,14_2803_6535.jpg,79985,91607
160,14_2803_6536.jpg,79985,91607
161,14_2803_6537.jpg,143993,91604
162,14_2803_6538.jpg,143993,91604
163,14_2803_6539.jpg,614102,90210
164,14_2803_6540.jpg,614102,90210
165,14_2803_6541.jpg,336972,90212
166,14_2803_6542.jpg,837787,90067
167,14_2803_6543.jpg,72924,90034
168,14_2803_6544.jpg,72924,90034
169,14_2803_6545.jpg,94790,90230
170,14_2803_6546.jpg,94790,90230
171,14_2803_6547.jpg,110301,90045
172,14_2803_6548.jpg,116539,90245
173,14_2803_6549.jpg,116539,90245
174,14_2803_6550.jpg,116539,90245
175,14_2803_6551.jpg,310731,90266
176,14_2803_6557.jpg,321672,90274
177,14_2803_6558.jpg,321672,90274
178,14_2803_6559.jpg,321672,90274
179,14_2804_6528.jpg,38236,91340
180,14_2804_6529.jpg,35610,91331
181,14_2804_6530.jpg,35610,91331
182,14_2804_6531.jpg,45128,91352
183,14_2804_6532.jpg,45128,91352
184,14_2804_6533.jpg,38387,91605
185,14_2804_6534.jpg,41001,91606
186,14_2804_6535.jpg,41001,91606
187,14_2804_6536.jpg,79985,91607
188,14_2804_6537.jpg,143993,91604
189,14_2804_6538.jpg,143993,91604
190,14_2804_6539.jpg,165704,90069
191,14_2804_6540.jpg,165704,90069
192,14_2804_6541.jpg,287135,90211
193,14_2804_6542.jpg,106220,90035
194,14_2804_6543.jpg,72924,90034
195,14_2804_6544.jpg,95611,90232
196,14_2804_6545.jpg,94790,90230
197,14_2804_6546.jpg,100289,90056
198,14_2804_6547.jpg,110301,90045
199,14_2804_6548.jpg,110301,90045
200,14_2804_6549.jpg,116539,90245
201,14_2804_6550.jpg,116539,90245
202,14_2804_6551.jpg,310731,90266
203,14_2804_6552.jpg,202973,90254
204,14_2804_6553.jpg,202973,90254
205,14_2804_6556.jpg,321672,90274
206,14_2804_6557.jpg,321672,90274
207,14_2804_6558.jpg,321672,90274
208,14_2804_6559.jpg,173525,90275
209,14_2805_6528.jpg,72132,91040
210,14_2805_6529.jpg,72132,91040
211,14_2805_6530.jpg,45128,91352
212,14_2805_6531.jpg,45128,91352
213,14_2805_6532.jpg,45128,91352
214,14_2805_6533.jpg,45128,91352
215,14_2805_6534.jpg,41001,91606
216,14_2805_6535.jpg,49964,91601
217,14_2805_6536.jpg,49964,91601
218,14_2805_6537.jpg,100237,91602
219,14_2805_6538.jpg,101525,90046
220,14_2805_6539.jpg,101525,90046
221,14_2805_6540.jpg,101525,90046
222,14_2805_6541.jpg,135284,90048
223,14_2805_6542.jpg,106220,90035
224,14_2805_6543.jpg,42657,90016
225,14_2805_6544.jpg,42657,90016
226,14_2805_6545.jpg,100289,90056
227,14_2805_6546.jpg,100289,90056
228,14_2805_6547.jpg,35936,90301
229,14_2805_6548.jpg,33207,90304
230,14_2805_6549.jpg,33207,90304
231,14_2805_6550.jpg,47475,90250
232,14_2805_6551.jpg,44443,90260
233,14_2805_6552.jpg,109746,90278
234,14_2805_6553.jpg,94787,90503
235,14_2805_6554.jpg,94787,90503
236,14_2805_6555.jpg,98834,90505
237,14_2805_6556.jpg,98834,90505
238,14_2805_6557.jpg,173525,90275
239,14_2805_6558.jpg,173525,90275
240,14_2805_6559.jpg,173525,90275
241,14_2806_6528.jpg,72132,91040
242,14_2806_6529.jpg,72132,91040
243,14_2806_6530.jpg,72132,91040
244,14_2806_6531.jpg,72132,91040
245,14_2806_6532.jpg,45128,91352
246,14_2806_6533.jpg,78980,91504
247,14_2806_6534.jpg,78980,91504
248,14_2806_6535.jpg,85915,91505
249,14_2806_6536.jpg,85915,91505
250,14_2806_6537.jpg,133534,90068
251,14_2806_6538.jpg,133534,90068
252,14_2806_6539.jpg,133534,90068
253,14_2806_6540.jpg,45956,90038
254,14_2806_6541.jpg,111649,90036
255,14_2806_6542.jpg,53706,90019
256,14_2806_6543.jpg,42657,90016
257,14_2806_6544.jpg,52619,90008
258,14_2806_6545.jpg,52619,90008
259,14_2806_6546.jpg,41302,90302
260,14_2806_6547.jpg,35936,90301
261,14_2806_6548.jpg,36970,90303
262,14_2806_6549.jpg,47475,90250
263,14_2806_6550.jpg,47475,90250
264,14_2806_6551.jpg,44443,90260
265,14_2806_6552.jpg,66189,90504
266,14_2806_6553.jpg,94787,90503
267,14_2806_6554.jpg,94787,90503
268,14_2806_6555.jpg,98834,90505
269,14_2806_6556.jpg,98834,90505
270,14_2806_6557.jpg,173525,90275
271,14_2806_6558.jpg,173525,90275
272,14_2806_6559.jpg,173525,90275
273,14_2806_6560.jpg,89106,90732
274,14_2807_6528.jpg,72132,91040
275,14_2807_6529.jpg,72132,91040
276,14_2807_6530.jpg,72132,91040
277,14_2807_6531.jpg,72132,91040
278,14_2807_6532.jpg,72132,91040
279,14_2807_6533.jpg,78980,91504
280,14_2807_6534.jpg,78980,91504
281,14_2807_6535.jpg,79148,91506
282,14_2807_6536.jpg,79148,91506
283,14_2807_6537.jpg,79148,91506
284,14_2807_6538.jpg,133534,90068
285,14_2807_6539.jpg,49160,90028
286,14_2807_6540.jpg,45956,90038
287,14_2807_6541.jpg,219348,90010
288,14_2807_6542.jpg,219348,90010
289,14_2807_6543.jpg,37746,90018
290,14_2807_6544.jpg,37746,90018
291,14_2807_6545.jpg,49209,90043
292,14_2807_6546.jpg,49209,90043
293,14_2807_6547.jpg,55907,90305
294,14_2807_6548.jpg,36970,90303
295,14_2807_6549.jpg,36970,90303
296,14_2807_6550.jpg,48369,90249
297,14_2807_6551.jpg,48369,90249
298,14_2807_6552.jpg,66189,90504
299,14_2807_6553.jpg,66189,90504
300,14_2807_6554.jpg,62905,90501
301,14_2807_6555.jpg,62905,90501
302,14_2807_6556.jpg,60522,90717
303,14_2807_6557.jpg,60522,90717
304,14_2807_6558.jpg,89106,90732
305,14_2807_6559.jpg,89106,90732
306,14_2807_6560.jpg,89106,90732
307,14_2808_6528.jpg,72132,91040
308,14_2808_6529.jpg,72132,91040
309,14_2808_6530.jpg,72132,91040
310,14_2808_6531.jpg,59230,91042
311,14_2808_6532.jpg,59230,91042
312,14_2808_6533.jpg,75296,91501
313,14_2808_6534.jpg,75296,91501
314,14_2808_6535.jpg,75296,91501
315,14_2808_6536.jpg,61628,91201
316,14_2808_6537.jpg,61628,91201
317,14_2808_6538.jpg,89499,90027
318,14_2808_6539.jpg,89499,90027
319,14_2808_6540.jpg,37844,90029
320,14_2808_6541.jpg,66697,90020
321,14_2808_6542.jpg,29795,90006
322,14_2808_6543.jpg,29795,90006
323,14_2808_6544.jpg,32838,90062
324,14_2808_6545.jpg,32838,90062
325,14_2808_6546.jpg,39798,90047
326,14_2808_6547.jpg,39798,90047
327,14_2808_6548.jpg,29316,90044
328,14_2808_6549.jpg,30869,90061
329,14_2808_6550.jpg,43023,90247
330,14_2808_6551.jpg,43023,90247
331,14_2808_6552.jpg,62222,90248
332,14_2808_6553.jpg,61354,90502
333,14_2808_6554.jpg,61354,90502
334,14_2808_6555.jpg,54144,90710
335,14_2808_6556.jpg,54144,90710
336,14_2808_6557.jpg,89114,91046
337,14_2808_6558.jpg,89114,91046
338,14_2808_6559.jpg,89106,90732
339,14_2808_6560.jpg,56856,90731
340,14_2809_6528.jpg,59230,91042
341,14_2809_6529.jpg,59230,91042
342,14_2809_6530.jpg,59230,91042
343,14_2809_6531.jpg,59230,91042
344,14_2809_6532.jpg,59230,91042
345,14_2809_6533.jpg,97017,91214
346,14_2809_6534.jpg,75296,91501
347,14_2809_6535.jpg,89677,91202
348,14_2809_6536.jpg,89677,91202
349,14_2809_6537.jpg,61245,91203
350,14_2809_6538.jpg,89499,90027
351,14_2809_6539.jpg,89499,90027
352,14_2809_6540.jpg,37844,90029
353,14_2809_6541.jpg,29871,90057
354,14_2809_6542.jpg,29871,90057
355,14_2809_6543.jpg,30304,90007
356,14_2809_6544.jpg,30304,90007
357,14_2809_6545.jpg,26997,90037
358,14_2809_6546.jpg,26779,90003
359,14_2809_6547.jpg,26779,90003
360,14_2809_6548.jpg,29316,90044
361,14_2809_6549.jpg,30869,90061
362,14_2809_6550.jpg,30869,90061
363,14_2809_6551.jpg,43023,90247
364,14_2809_6552.jpg,62222,90248
365,14_2809_6553.jpg,62222,90248
366,14_2809_6554.jpg,61354,90502
367,14_2809_6555.jpg,50499,90745
368,14_2809_6556.jpg,54144,90710
369,14_2809_6557.jpg,38117,90744
370,14_2810_6528.jpg,59230,91042
371,14_2810_6529.jpg,59230,91042
372,14_2810_6530.jpg,59230,91042
373,14_2810_6531.jpg,97017,91214
374,14_2810_6532.jpg,97017,91214
375,14_2810_6533.jpg,97017,91214
376,14_2810_6534.jpg,67012,91020
377,14_2810_6535.jpg,131652,91207
378,14_2810_6536.jpg,131652,91207
379,14_2810_6537.jpg,44635,91204
380,14_2810_6538.jpg,44635,91204
381,14_2810_6539.jpg,81143,90039
382,14_2810_6540.jpg,54093,90026
383,14_2810_6541.jpg,54093,90026
384,14_2810_6542.jpg,867469,90071
385,14_2810_6543.jpg,72197,90015
386,14_2810_6544.jpg,26776,90011
387,14_2810_6545.jpg,26776,90011
388,14_2810_6546.jpg,28594,90001
389,14_2810_6547.jpg,28594,90001
390,14_2810_6548.jpg,28314,90002
391,14_2810_6549.jpg,29842,90059
392,14_2810_6550.jpg,32516,90222
393,14_2810_6551.jpg,36084,90220
394,14_2810_6552.jpg,59665,90746
395,14_2810_6553.jpg,59665,90746
396,14_2810_6554.jpg,50499,90745
397,14_2810_6555.jpg,50499,90745
398,14_2810_6556.jpg,38117,90744
399,14_2810_6557.jpg,38117,90744
400,14_2810_6559.jpg,56856,90731
401,14_2811_6528.jpg,59230,91042
402,14_2811_6529.jpg,97017,91214
403,14_2811_6530.jpg,97017,91214
404,14_2811_6531.jpg,97017,91214
405,14_2811_6532.jpg,97017,91214
406,14_2811_6533.jpg,67012,91020
407,14_2811_6534.jpg,124745,91208
408,14_2811_6535.jpg,124745,91208
409,14_2811_6536.jpg,75172,91206
410,14_2811_6537.jpg,44535,91205
411,14_2811_6538.jpg,44535,91205
412,14_2811_6539.jpg,59935,90065
413,14_2811_6540.jpg,59935,90065
414,14_2811_6541.jpg,58788,90012
415,14_2811_6542.jpg,58788,90012
416,14_2811_6543.jpg,105011,90021
417,14_2811_6544.jpg,105011,90021
418,14_2811_6545.jpg,101923,90058
419,14_2811_6546.jpg,28594,90001
420,14_2811_6547.jpg,28594,90001
421,14_2811_6548.jpg,28314,90002
422,14_2811_6549.jpg,29842,90059
423,14_2811_6550.jpg,32516,90222
424,14_2811_6551.jpg,36084,90220
425,14_2811_6552.jpg,36084,90220
426,14_2811_6553.jpg,59665,90746
427,14_2811_6554.jpg,41890,90810
428,14_2811_6555.jpg,41890,90810
429,14_2811_6556.jpg,41890,90810
430,14_2811_6557.jpg,38117,90744
431,14_2811_6558.jpg,38117,90744
432,14_2812_6528.jpg,97017,91214
433,14_2812_6529.jpg,97017,91214
434,14_2812_6530.jpg,97017,91214
435,14_2812_6531.jpg,97017,91214
436,14_2812_6532.jpg,289306,91011
437,14_2812_6533.jpg,289306,91011
438,14_2812_6534.jpg,124745,91208
439,14_2812_6535.jpg,124745,91208
440,14_2812_6536.jpg,75172,91206
441,14_2812_6537.jpg,71453,90041
442,14_2812_6538.jpg,71453,90041
443,14_2812_6539.jpg,59935,90065
444,14_2812_6540.jpg,37311,90031
445,14_2812_6541.jpg,37311,90031
446,14_2812_6542.jpg,30596,90033
447,14_2812_6543.jpg,31062,90023
448,14_2812_6544.jpg,31062,90023
449,14_2812_6545.jpg,101923,90058
450,14_2812_6546.jpg,31469,90255
451,14_2812_6547.jpg,31469,90255
452,14_2812_6548.jpg,36728,90280
453,14_2812_6549.jpg,33660,90262
454,14_2812_6550.jpg,32196,90221
455,14_2812_6551.jpg,32196,90221
456,14_2812_6552.jpg,32196,90221
457,14_2812_6553.jpg,37908,90805
458,14_2812_6554.jpg,41890,90810
459,14_2812_6555.jpg,41890,90810
460,14_2812_6556.jpg,41890,90810
461,14_2812_6557.jpg,30364,90813
462,14_2812_6558.jpg,58106,90802
463,14_2813_6528.jpg,97017,91214
464,14_2813_6529.jpg,289306,91011
465,14_2813_6530.jpg,289306,91011
466,14_2813_6531.jpg,289306,91011
467,14_2813_6532.jpg,289306,91011
468,14_2813_6533.jpg,289306,91011
469,14_2813_6534.jpg,289306,91011
470,14_2813_6535.jpg,289306,91011
471,14_2813_6536.jpg,71453,90041
472,14_2813_6537.jpg,71453,90041
473,14_2813_6538.jpg,51489,90042
474,14_2813_6539.jpg,51489,90042
475,14_2813_6540.jpg,42162,90032
476,14_2813_6541.jpg,42162,90032
477,14_2813_6542.jpg,33762,90063
478,14_2813_6543.jpg,33762,90063
479,14_2813_6544.jpg,31062,90023
480,14_2813_6545.jpg,31674,90270
481,14_2813_6546.jpg,31674,90270
482,14_2813_6547.jpg,36728,90280
483,14_2813_6548.jpg,36728,90280
484,14_2813_6549.jpg,33660,90262
485,14_2813_6550.jpg,32196,90221
486,14_2813_6551.jpg,32196,90221
487,14_2813_6552.jpg,37908,90805
488,14_2813_6553.jpg,37908,90805
489,14_2813_6554.jpg,80656,90807
490,14_2813_6555.jpg,40869,90806
491,14_2813_6556.jpg,40869,90806
492,14_2813_6557.jpg,30364,90813
493,14_2813_6558.jpg,58106,90802
494,14_2814_6528.jpg,289306,91011
495,14_2814_6529.jpg,289306,91011
496,14_2814_6530.jpg,289306,91011
497,14_2814_6531.jpg,289306,91011
498,14_2814_6532.jpg,289306,91011
499,14_2814_6533.jpg,289306,91011
500,14_2814_6534.jpg,99818,91001
501,14_2814_6535.jpg,83909,91103
502,14_2814_6536.jpg,83909,91103
503,14_2814_6537.jpg,228030,91105
504,14_2814_6538.jpg,228030,91105
505,14_2814_6539.jpg,129171,91030
506,14_2814_6540.jpg,42162,90032
507,14_2814_6541.jpg,42162,90032
508,14_2814_6542.jpg,33762,90063
509,14_2814_6543.jpg,33935,90022
510,14_2814_6544.jpg,33935,90022
511,14_2814_6545.jpg,55558,90040
512,14_2814_6546.jpg,31462,90201
513,14_2814_6547.jpg,31462,90201
514,14_2814_6548.jpg,36728,90280
515,14_2814_6549.jpg,36260,90723
516,14_2814_6550.jpg,36260,90723
517,14_2814_6551.jpg,36260,90723
518,14_2814_6552.jpg,37908,90805
519,14_2814_6553.jpg,37908,90805
520,14_2814_6554.jpg,80656,90807
521,14_2814_6555.jpg,72995,90755
522,14_2814_6556.jpg,72995,90755
523,14_2814_6557.jpg,43848,90804
524,14_2814_6558.jpg,58106,90802
525,14_2815_6528.jpg,289306,91011
526,14_2815_6529.jpg,289306,91011
527,14_2815_6530.jpg,289306,91011
528,14_2815_6531.jpg,99818,91001
529,14_2815_6532.jpg,99818,91001
530,14_2815_6533.jpg,99818,91001
531,14_2815_6534.jpg,99818,91001
532,14_2815_6535.jpg,99818,91001
533,14_2815_6536.jpg,83909,91103
534,14_2815_6537.jpg,88803,91101
535,14_2815_6538.jpg,129171,91030
536,14_2815_6539.jpg,129171,91030
537,14_2815_6540.jpg,50959,91803
538,14_2815_6541.jpg,50959,91803
539,14_2815_6542.jpg,56674,91754
540,14_2815_6543.jpg,33935,90022
541,14_2815_6544.jpg,33935,90022
542,14_2815_6545.jpg,55558,90040
543,14_2815_6546.jpg,55558,90040
544,14_2815_6547.jpg,53893,90241
545,14_2815_6548.jpg,53893,90241
546,14_2815_6549.jpg,47635,90242
547,14_2815_6550.jpg,47635,90242
548,14_2815_6551.jpg,36260,90723
549,14_2815_6552.jpg,71717,90712
550,14_2815_6553.jpg,71717,90712
551,14_2815_6554.jpg,71717,90712
552,14_2815_6555.jpg,72995,90755
553,14_2815_6556.jpg,43848,90804
554,14_2815_6557.jpg,43848,90804
555,14_2815_6558.jpg,79085,90814
556,14_2816_6528.jpg,99818,91001
557,14_2816_6529.jpg,99818,91001
558,14_2816_6530.jpg,99818,91001
559,14_2816_6531.jpg,99818,91001
560,14_2816_6532.jpg,99818,91001
561,14_2816_6533.jpg,99818,91001
562,14_2816_6534.jpg,99818,91001
563,14_2816_6535.jpg,77425,91104
564,14_2816_6536.jpg,77425,91104
565,14_2816_6537.jpg,128943,91106
566,14_2816_6538.jpg,351636,91108
567,14_2816_6539.jpg,52434,91801
568,14_2816_6540.jpg,52434,91801
569,14_2816_6541.jpg,45045,91755
570,14_2816_6542.jpg,45045,91755
571,14_2816_6543.jpg,45045,91755
572,14_2816_6544.jpg,46973,90640
573,14_2816_6545.jpg,46973,90640
574,14_2816_6546.jpg,67462,90240
575,14_2816_6547.jpg,67462,90240
576,14_2816_6548.jpg,53893,90241
577,14_2816_6549.jpg,53893,90241
578,14_2816_6550.jpg,45379,90706
579,14_2816_6551.jpg,45379,90706
580,14_2816_6552.jpg,45379,90706
581,14_2816_6553.jpg,74717,90713
582,14_2816_6554.jpg,89194,90808
583,14_2816_6555.jpg,89194,90808
584,14_2816_6556.jpg,89724,90815
585,14_2816_6557.jpg,89724,90815
586,14_2817_6528.jpg,99818,91001
587,14_2817_6529.jpg,99818,91001
588,14_2817_6530.jpg,99818,91001
589,14_2817_6531.jpg,99818,91001
590,14_2817_6532.jpg,99818,91001
591,14_2817_6533.jpg,99818,91001
592,14_2817_6534.jpg,77425,91104
593,14_2817_6535.jpg,77425,91104
594,14_2817_6536.jpg,107148,91107
595,14_2817_6537.jpg,107148,91107
596,14_2817_6538.jpg,351636,91108
597,14_2817_6539.jpg,82711,91775
598,14_2817_6540.jpg,42281,91776
599,14_2817_6541.jpg,40393,91770
600,14_2817_6542.jpg,45045,91755
601,14_2817_6543.jpg,46973,90640
602,14_2817_6544.jpg,46973,90640
603,14_2817_6545.jpg,43631,90660
604,14_2817_6546.jpg,43631,90660
605,14_2817_6547.jpg,67462,90240
606,14_2817_6548.jpg,67462,90240
607,14_2817_6549.jpg,44626,90650
608,14_2817_6550.jpg,44626,90650
609,14_2817_6551.jpg,45379,90706
610,14_2817_6552.jpg,49288,90701
611,14_2817_6553.jpg,74717,90713
612,14_2817_6554.jpg,89194,90808
613,14_2817_6555.jpg,89194,90808
614,14_2817_6556.jpg,89724,90815
615,14_2817_6557.jpg,89724,90815
616,14_2817_6558.jpg,96582,90740
617,14_2817_6559.jpg,140487,90743
618,14_2818_6528.jpg,99818,91001
619,14_2818_6529.jpg,99818,91001
620,14_2818_6530.jpg,99818,91001
621,14_2818_6531.jpg,99818,91001
622,14_2818_6532.jpg,99818,91001
623,14_2818_6533.jpg,125569,91024
624,14_2818_6534.jpg,125569,91024
625,14_2818_6535.jpg,107148,91107
626,14_2818_6536.jpg,107148,91107
627,14_2818_6537.jpg,107148,91107
628,14_2818_6538.jpg,82711,91775
629,14_2818_6539.jpg,82711,91775
630,14_2818_6540.jpg,42281,91776
631,14_2818_6541.jpg,40393,91770
632,14_2818_6542.jpg,40393,91770
633,14_2818_6543.jpg,40393,91770
634,14_2818_6544.jpg,43631,90660
635,14_2818_6545.jpg,43631,90660
636,14_2818_6546.jpg,43631,90660
637,14_2818_6547.jpg,45786,90606
638,14_2818_6548.jpg,58199,90670
639,14_2818_6549.jpg,58199,90670
640,14_2818_6550.jpg,44626,90650
641,14_2818_6551.jpg,44626,90650
642,14_2818_6552.jpg,49288,90701
643,14_2818_6553.jpg,50557,90715
644,14_2818_6554.jpg,50557,90715
645,14_2818_6555.jpg,32982,90716
646,14_2818_6556.jpg,113734,90720
647,14_2818_6557.jpg,113734,90720
648,14_2818_6558.jpg,96582,90740
649,14_2818_6559.jpg,140487,90743
650,14_2818_6560.jpg,140487,90743
651,14_2819_6528.jpg,99818,91001
652,14_2819_6529.jpg,125569,91024
653,14_2819_6530.jpg,125569,91024
654,14_2819_6531.jpg,125569,91024
655,14_2819_6532.jpg,125569,91024
656,14_2819_6533.jpg,125569,91024
657,14_2819_6534.jpg,125569,91024
658,14_2819_6535.jpg,125569,91024
659,14_2819_6536.jpg,125569,91024
660,14_2819_6537.jpg,93844,91007
661,14_2819_6538.jpg,93844,91007
662,14_2819_6539.jpg,62975,91780
663,14_2819_6540.jpg,62975,91780
664,14_2819_6541.jpg,38697,91731
665,14_2819_6542.jpg,33721,91733
666,14_2819_6543.jpg,33721,91733
667,14_2819_6544.jpg,63400,90601
668,14_2819_6545.jpg,45786,90606
669,14_2819_6546.jpg,45786,90606
670,14_2819_6547.jpg,45786,90606
671,14_2819_6548.jpg,58199,90670
672,14_2819_6549.jpg,58199,90670
673,14_2819_6550.jpg,44626,90650
674,14_2819_6551.jpg,84478,90703
675,14_2819_6552.jpg,84478,90703
676,14_2819_6553.jpg,78625,90623
677,14_2819_6554.jpg,32982,90716
678,14_2819_6555.jpg,77313,90630
679,14_2819_6556.jpg,113734,90720
680,14_2819_6557.jpg,113734,90720
681,14_2819_6558.jpg,96582,90740
682,14_2819_6559.jpg,122587,92649
683,14_2819_6560.jpg,122587,92649
684,14_2820_6528.jpg,125569,91024
685,14_2820_6529.jpg,125569,91024
686,14_2820_6530.jpg,125569,91024
687,14_2820_6531.jpg,125569,91024
688,14_2820_6532.jpg,125569,91024
689,14_2820_6533.jpg,125569,91024
690,14_2820_6534.jpg,125569,91024
691,14_2820_6535.jpg,125569,91024
692,14_2820_6536.jpg,125569,91024
693,14_2820_6537.jpg,115113,91006
694,14_2820_6538.jpg,115113,91006
695,14_2820_6539.jpg,62975,91780
696,14_2820_6540.jpg,38697,91731
697,14_2820_6541.jpg,38697,91731
698,14_2820_6542.jpg,33721,91733
699,14_2820_6543.jpg,33721,91733
700,14_2820_6544.jpg,63400,90601
701,14_2820_6545.jpg,63400,90601
702,14_2820_6546.jpg,52980,90602
703,14_2820_6547.jpg,52980,90602
704,14_2820_6548.jpg,58215,90605
705,14_2820_6549.jpg,58215,90605
706,14_2820_6550.jpg,67638,90638
707,14_2820_6551.jpg,67638,90638
708,14_2820_6552.jpg,78625,90623
709,14_2820_6553.jpg,78625,90623
710,14_2820_6554.jpg,77313,90630
711,14_2820_6555.jpg,77313,90630
712,14_2820_6556.jpg,81211,92845
713,14_2820_6557.jpg,81211,92845
714,14_2820_6558.jpg,81211,92845
715,14_2820_6559.jpg,122587,92649
716,14_2820_6560.jpg,122587,92649
717,14_2820_6561.jpg,122587,92649
718,14_2820_6562.jpg,122587,92649
719,14_2821_6528.jpg,125569,91024
720,14_2821_6529.jpg,125569,91024
721,14_2821_6530.jpg,125569,91024
722,14_2821_6531.jpg,125569,91024
723,14_2821_6532.jpg,125569,91024
724,14_2821_6533.jpg,125569,91024
725,14_2821_6534.jpg,125569,91024
726,14_2821_6535.jpg,125569,91024
727,14_2821_6536.jpg,71726,91016
728,14_2821_6537.jpg,71726,91016
729,14_2821_6538.jpg,115113,91006
730,14_2821_6539.jpg,115113,91006
731,14_2821_6540.jpg,35234,91732
732,14_2821_6541.jpg,35234,91732
733,14_2821_6542.jpg,35234,91732
734,14_2821_6543.jpg,43497,91746
735,14_2821_6544.jpg,63400,90601
736,14_2821_6545.jpg,63400,90601
737,14_2821_6546.jpg,52980,90602
738,14_2821_6547.jpg,52980,90602
739,14_2821_6548.jpg,54743,90604
740,14_2821_6549.jpg,54743,90604
741,14_2821_6550.jpg,67638,90638
742,14_2821_6551.jpg,67638,90638
743,14_2821_6552.jpg,52549,90621
744,14_2821_6553.jpg,60296,90620
745,14_2821_6554.jpg,60296,90620
746,14_2821_6555.jpg,42596,90680
747,14_2821_6556.jpg,81211,92845
748,14_2821_6557.jpg,81211,92845
749,14_2821_6558.jpg,49767,92683
750,14_2821_6559.jpg,70365,92647
751,14_2821_6560.jpg,70365,92647
752,14_2821_6561.jpg,70365,92647
753,14_2821_6562.jpg,119563,92648
754,14_2821_6563.jpg,119563,92648
755,14_2822_6528.jpg,125569,91024
756,14_2822_6529.jpg,125569,91024
757,14_2822_6530.jpg,125569,91024
758,14_2822_6531.jpg,125569,91024
759,14_2822_6532.jpg,125569,91024
760,14_2822_6533.jpg,71726,91016
761,14_2822_6534.jpg,71726,91016
762,14_2822_6535.jpg,71726,91016
763,14_2822_6536.jpg,71726,91016
764,14_2822_6537.jpg,71726,91016
765,14_2822_6538.jpg,71726,91016
766,14_2822_6539.jpg,37632,91706
767,14_2822_6540.jpg,37632,91706
768,14_2822_6541.jpg,35234,91732
769,14_2822_6542.jpg,43497,91746
770,14_2822_6543.jpg,43497,91746
771,14_2822_6544.jpg,65351,91745
772,14_2822_6545.jpg,65351,91745
773,14_2822_6546.jpg,65351,91745
774,14_2822_6547.jpg,80853,90603
775,14_2822_6548.jpg,80853,90603
776,14_2822_6549.jpg,80853,90603
777,14_2822_6550.jpg,67638,90638
778,14_2822_6551.jpg,52549,90621
779,14_2822_6552.jpg,52549,90621
780,14_2822_6553.jpg,60296,90620
781,14_2822_6554.jpg,60296,90620
782,14_2822_6555.jpg,42596,90680
783,14_2822_6556.jpg,42596,90680
784,14_2822_6557.jpg,46013,92841
785,14_2822_6558.jpg,49767,92683
786,14_2822_6559.jpg,35471,92655
787,14_2822_6560.jpg,70365,92647
788,14_2822_6561.jpg,70365,92647
789,14_2822_6562.jpg,119563,92648
790,14_2822_6563.jpg,119563,92648
791,14_2822_6564.jpg,119563,92648
792,14_2823_6528.jpg,125569,91024
793,14_2823_6529.jpg,125569,91024
794,14_2823_6530.jpg,125569,91024
795,14_2823_6531.jpg,57298,91010
796,14_2823_6532.jpg,57298,91010
797,14_2823_6533.jpg,57298,91010
798,14_2823_6534.jpg,57298,91010
799,14_2823_6535.jpg,57298,91010
800,14_2823_6536.jpg,57298,91010
801,14_2823_6537.jpg,57298,91010
802,14_2823_6538.jpg,57298,91010
803,14_2823_6539.jpg,37632,91706
804,14_2823_6540.jpg,37632,91706
805,14_2823_6541.jpg,37632,91706
806,14_2823_6542.jpg,43497,91746
807,14_2823_6543.jpg,43497,91746
808,14_2823_6544.jpg,65351,91745
809,14_2823_6545.jpg,65351,91745
810,14_2823_6546.jpg,65351,91745
811,14_2823_6547.jpg,80853,90603
812,14_2823_6548.jpg,67539,90631
813,14_2823_6549.jpg,67539,90631
814,14_2823_6550.jpg,66781,92833
815,14_2823_6551.jpg,66781,92833
816,14_2823_6552.jpg,66781,92833
817,14_2823_6553.jpg,40614,92801
818,14_2823_6554.jpg,43542,92804
819,14_2823_6555.jpg,43542,92804
820,14_2823_6556.jpg,46013,92841
821,14_2823_6557.jpg,46013,92841
822,14_2823_6558.jpg,39470,92844
823,14_2823_6559.jpg,35471,92655
824,14_2823_6560.jpg,78522,92708
825,14_2823_6561.jpg,78522,92708
826,14_2823_6562.jpg,92936,92646
827,14_2823_6563.jpg,92936,92646
828,14_2823_6564.jpg,92936,92646
829,14_2824_6528.jpg,57298,91010
830,14_2824_6529.jpg,57298,91010
831,14_2824_6530.jpg,57298,91010
832,14_2824_6531.jpg,57298,91010
833,14_2824_6532.jpg,57298,91010
834,14_2824_6533.jpg,57298,91010
835,14_2824_6534.jpg,57298,91010
836,14_2824_6535.jpg,57298,91010
837,14_2824_6536.jpg,57298,91010
838,14_2824_6537.jpg,57298,91010
839,14_2824_6538.jpg,57298,91010
840,14_2824_6539.jpg,37632,91706
841,14_2824_6540.jpg,37632,91706
842,14_2824_6541.jpg,50855,91790
843,14_2824_6542.jpg,50855,91790
844,14_2824_6543.jpg,37891,91744
845,14_2824_6544.jpg,37891,91744
846,14_2824_6545.jpg,65351,91745
847,14_2824_6546.jpg,65351,91745
848,14_2824_6547.jpg,67539,90631
849,14_2824_6548.jpg,67539,90631
850,14_2824_6549.jpg,67539,90631
851,14_2824_6550.jpg,67539,90631
852,14_2824_6551.jpg,66781,92833
853,14_2824_6552.jpg,66781,92833
854,14_2824_6553.jpg,40614,92801
855,14_2824_6554.jpg,40614,92801
856,14_2824_6555.jpg,43542,92804
857,14_2824_6556.jpg,44543,92840
858,14_2824_6557.jpg,44543,92840
859,14_2824_6558.jpg,38832,92843
860,14_2824_6559.jpg,38832,92843
861,14_2824_6560.jpg,78522,92708
862,14_2824_6561.jpg,78522,92708
863,14_2824_6562.jpg,78522,92708
864,14_2824_6563.jpg,92936,92646
865,14_2824_6564.jpg,92936,92646
866,14_2824_6565.jpg,181264,92663
867,14_2824_6566.jpg,181264,92663
868,14_2825_6528.jpg,57298,91010
869,14_2825_6529.jpg,57298,91010
870,14_2825_6530.jpg,57298,91010
871,14_2825_6531.jpg,57298,91010
872,14_2825_6532.jpg,57298,91010
873,14_2825_6533.jpg,57298,91010
874,14_2825_6534.jpg,57298,91010
875,14_2825_6535.jpg,46549,91702
876,14_2825_6536.jpg,46549,91702
877,14_2825_6537.jpg,46549,91702
878,14_2825_6538.jpg,46549,91702
879,14_2825_6539.jpg,49823,91722
880,14_2825_6540.jpg,49823,91722
881,14_2825_6541.jpg,50855,91790
882,14_2825_6542.jpg,50855,91790
883,14_2825_6543.jpg,37891,91744
884,14_2825_6544.jpg,37891,91744
885,14_2825_6545.jpg,57427,91748
886,14_2825_6546.jpg,57427,91748
887,14_2825_6547.jpg,67539,90631
888,14_2825_6548.jpg,67539,90631
889,14_2825_6549.jpg,67539,90631
890,14_2825_6550.jpg,118119,92835
891,14_2825_6551.jpg,51244,92832
892,14_2825_6552.jpg,51244,92832
893,14_2825_6553.jpg,51244,92832
894,14_2825_6554.jpg,42112,92805
895,14_2825_6555.jpg,42938,92802
896,14_2825_6556.jpg,42938,92802
897,14_2825_6557.jpg,44543,92840
898,14_2825_6558.jpg,38832,92843
899,14_2825_6559.jpg,38832,92843
900,14_2825_6560.jpg,40712,92704
901,14_2825_6561.jpg,40712,92704
902,14_2825_6562.jpg,86207,92626
903,14_2825_6563.jpg,86207,92626
904,14_2825_6564.jpg,66542,92627
905,14_2825_6565.jpg,181264,92663
906,14_2825_6566.jpg,181264,92663
907,14_2826_6528.jpg,106352,91741
908,14_2826_6529.jpg,106352,91741
909,14_2826_6530.jpg,106352,91741
910,14_2826_6531.jpg,106352,91741
911,14_2826_6532.jpg,46549,91702
912,14_2826_6533.jpg,46549,91702
913,14_2826_6534.jpg,46549,91702
914,14_2826_6535.jpg,46549,91702
915,14_2826_6536.jpg,46549,91702
916,14_2826_6537.jpg,46549,91702
917,14_2826_6538.jpg,46549,91702
918,14_2826_6539.jpg,49823,91722
919,14_2826_6540.jpg,49823,91722
920,14_2826_6541.jpg,70934,91791
921,14_2826_6542.jpg,70934,91791
922,14_2826_6543.jpg,50370,91792
923,14_2826_6544.jpg,50370,91792
924,14_2826_6545.jpg,57427,91748
925,14_2826_6546.jpg,57427,91748
926,14_2826_6547.jpg,57427,91748
927,14_2826_6548.jpg,82744,92821
928,14_2826_6549.jpg,82744,92821
929,14_2826_6550.jpg,118119,92835
930,14_2826_6551.jpg,71769,92831
931,14_2826_6552.jpg,71769,92831
932,14_2826_6553.jpg,42112,92805
933,14_2826_6554.jpg,42112,92805
934,14_2826_6555.jpg,42112,92805
935,14_2826_6556.jpg,42938,92802
936,14_2826_6557.jpg,55535,92706
937,14_2826_6558.jpg,32556,92703
938,14_2826_6559.jpg,32556,92703
939,14_2826_6560.jpg,40712,92704
940,14_2826_6561.jpg,40712,92704
941,14_2826_6562.jpg,86207,92626
942,14_2826_6563.jpg,86207,92626
943,14_2826_6564.jpg,66542,92627
944,14_2826_6565.jpg,66542,92627
945,14_2826_6566.jpg,245277,92661
946,14_2827_6528.jpg,106352,91741
947,14_2827_6529.jpg,106352,91741
948,14_2827_6530.jpg,106352,91741
949,14_2827_6531.jpg,106352,91741
950,14_2827_6532.jpg,106352,91741
951,14_2827_6533.jpg,106352,91741
952,14_2827_6534.jpg,106352,91741
953,14_2827_6535.jpg,106352,91741
954,14_2827_6536.jpg,106352,91741
955,14_2827_6537.jpg,46549,91702
956,14_2827_6538.jpg,46549,91702
957,14_2827_6539.jpg,52287,91723
958,14_2827_6540.jpg,52287,91723
959,14_2827_6541.jpg,52287,91723
960,14_2827_6542.jpg,70934,91791
961,14_2827_6543.jpg,50370,91792
962,14_2827_6544.jpg,50370,91792
963,14_2827_6545.jpg,57427,91748
964,14_2827_6546.jpg,57427,91748
965,14_2827_6547.jpg,57427,91748
966,14_2827_6548.jpg,82744,92821
967,14_2827_6549.jpg,82744,92821
968,14_2827_6550.jpg,82744,92821
969,14_2827_6551.jpg,71769,92831
970,14_2827_6552.jpg,71769,92831
971,14_2827_6553.jpg,52351,92806
972,14_2827_6554.jpg,52351,92806
973,14_2827_6555.jpg,52351,92806
974,14_2827_6556.jpg,53241,92868
975,14_2827_6557.jpg,53241,92868
976,14_2827_6558.jpg,55535,92706
977,14_2827_6559.jpg,35658,92701
978,14_2827_6560.jpg,40754,92707
979,14_2827_6561.jpg,40754,92707
980,14_2827_6562.jpg,86207,92626
981,14_2827_6563.jpg,86207,92626
982,14_2827_6564.jpg,283873,92660
983,14_2827_6565.jpg,283873,92660
984,14_2827_6566.jpg,225318,92662
985,14_2828_6528.jpg,106352,91741
986,14_2828_6529.jpg,106352,91741
987,14_2828_6530.jpg,106352,91741
988,14_2828_6531.jpg,106352,91741
989,14_2828_6532.jpg,106352,91741
990,14_2828_6533.jpg,106352,91741
991,14_2828_6534.jpg,106352,91741
992,14_2828_6535.jpg,106352,91741
993,14_2828_6536.jpg,106352,91741
994,14_2828_6537.jpg,106352,91741
995,14_2828_6538.jpg,63045,91740
996,14_2828_6539.jpg,63045,91740
997,14_2828_6540.jpg,68678,91724
998,14_2828_6541.jpg,68678,91724
999,14_2828_6542.jpg,89816,91789
1000,14_2828_6543.jpg,89816,91789
1001,14_2828_6544.jpg,89816,91789
1002,14_2828_6545.jpg,89816,91789
1003,14_2828_6546.jpg,57427,91748
1004,14_2828_6547.jpg,57427,91748
1005,14_2828_6548.jpg,121150,92823
1006,14_2828_6549.jpg,121150,92823
1007,14_2828_6550.jpg,71532,92870
1008,14_2828_6551.jpg,71532,92870
1009,14_2828_6552.jpg,71532,92870
1010,14_2828_6553.jpg,52351,92806
1011,14_2828_6554.jpg,52351,92806
1012,14_2828_6555.jpg,68741,92865
1013,14_2828_6556.jpg,53241,92868
1014,14_2828_6557.jpg,53241,92868
1015,14_2828_6558.jpg,35658,92701
1016,14_2828_6559.jpg,35658,92701
1017,14_2828_6560.jpg,40754,92707
1018,14_2828_6561.jpg,40754,92707
1019,14_2828_6562.jpg,40754,92707
1020,14_2828_6563.jpg,105212,92614
1021,14_2828_6564.jpg,283873,92660
1022,14_2828_6565.jpg,283873,92660
1023,14_2828_6566.jpg,416914,92625
1024,14_2828_6567.jpg,416914,92625
1025,14_2829_6528.jpg,106352,91741
1026,14_2829_6529.jpg,106352,91741
1027,14_2829_6530.jpg,106352,91741
1028,14_2829_6531.jpg,106352,91741
1029,14_2829_6532.jpg,106352,91741
1030,14_2829_6533.jpg,106352,91741
1031,14_2829_6534.jpg,106352,91741
1032,14_2829_6535.jpg,106352,91741
1033,14_2829_6536.jpg,106352,91741
1034,14_2829_6537.jpg,106352,91741
1035,14_2829_6538.jpg,63045,91740
1036,14_2829_6539.jpg,63045,91740
1037,14_2829_6540.jpg,68678,91724
1038,14_2829_6541.jpg,68678,91724
1039,14_2829_6542.jpg,89816,91789
1040,14_2829_6543.jpg,89816,91789
1041,14_2829_6544.jpg,89816,91789
1042,14_2829_6545.jpg,85440,91765
1043,14_2829_6546.jpg,85440,91765
1044,14_2829_6547.jpg,121150,92823
1045,14_2829_6548.jpg,121150,92823
1046,14_2829_6549.jpg,121150,92823
1047,14_2829_6550.jpg,121150,92823
1048,14_2829_6551.jpg,71532,92870
1049,14_2829_6552.jpg,71532,92870
1050,14_2829_6553.jpg,68741,92865
1051,14_2829_6554.jpg,68741,92865
1052,14_2829_6555.jpg,95760,92867
1053,14_2829_6556.jpg,61786,92866
1054,14_2829_6557.jpg,61786,92866
1055,14_2829_6558.jpg,120008,92705
1056,14_2829_6559.jpg,58514,92780
1057,14_2829_6560.jpg,58514,92780
1058,14_2829_6561.jpg,105212,92614
1059,14_2829_6562.jpg,105212,92614
1060,14_2829_6563.jpg,105212,92614
1061,14_2829_6564.jpg,130291,92612
1062,14_2829_6565.jpg,634366,92657
1063,14_2829_6566.jpg,634366,92657
1064,14_2829_6567.jpg,634366,92657
1065,14_2829_6568.jpg,634366,92657
1066,14_2830_6528.jpg,106352,91741
1067,14_2830_6529.jpg,106352,91741
1068,14_2830_6530.jpg,106352,91741
1069,14_2830_6531.jpg,106352,91741
1070,14_2830_6532.jpg,106352,91741
1071,14_2830_6533.jpg,106352,91741
1072,14_2830_6534.jpg,106352,91741
1073,14_2830_6535.jpg,106352,91741
1074,14_2830_6536.jpg,106352,91741
1075,14_2830_6537.jpg,106352,91741
1076,14_2830_6538.jpg,79909,91773
1077,14_2830_6539.jpg,79909,91773
1078,14_2830_6540.jpg,79909,91773
1079,14_2830_6541.jpg,79909,91773
1080,14_2830_6542.jpg,39570,91768
1081,14_2830_6543.jpg,85440,91765
1082,14_2830_6544.jpg,85440,91765
1083,14_2830_6545.jpg,85440,91765
1084,14_2830_6546.jpg,85440,91765
1085,14_2830_6547.jpg,85440,91765
1086,14_2830_6548.jpg,121150,92823
1087,14_2830_6549.jpg,121150,92823
1088,14_2830_6550.jpg,121150,92823
1089,14_2830_6551.jpg,132429,92886
1090,14_2830_6552.jpg,132429,92886
1091,14_2830_6553.jpg,107682,92807
1092,14_2830_6554.jpg,233749,92861
1093,14_2830_6555.jpg,233749,92861
1094,14_2830_6556.jpg,233749,92861
1095,14_2830_6557.jpg,120008,92705
1096,14_2830_6558.jpg,120008,92705
1097,14_2830_6559.jpg,58514,92780
1098,14_2830_6560.jpg,58514,92780
1099,14_2830_6561.jpg,100053,92606
1100,14_2830_6562.jpg,105212,92614
1101,14_2830_6563.jpg,105212,92614
1102,14_2830_6564.jpg,130291,92612
1103,14_2830_6565.jpg,130291,92612
1104,14_2830_6566.jpg,634366,92657
1105,14_2830_6567.jpg,634366,92657
1106,14_2830_6568.jpg,634366,92657
1107,14_2830_6569.jpg,304004,92651
1108,14_2831_6528.jpg,75856,91759
1109,14_2831_6529.jpg,75856,91759
1110,14_2831_6530.jpg,75856,91759
1111,14_2831_6531.jpg,106352,91741
1112,14_2831_6532.jpg,106352,91741
1113,14_2831_6533.jpg,106352,91741
1114,14_2831_6534.jpg,106352,91741
1115,14_2831_6535.jpg,92232,91750
1116,14_2831_6536.jpg,92232,91750
1117,14_2831_6537.jpg,92232,91750
1118,14_2831_6538.jpg,92232,91750
1119,14_2831_6539.jpg,79909,91773
1120,14_2831_6540.jpg,79909,91773
1121,14_2831_6541.jpg,39570,91768
1122,14_2831_6542.jpg,39570,91768
1123,14_2831_6543.jpg,39570,91768
1124,14_2831_6544.jpg,85440,91765
1125,14_2831_6545.jpg,85440,91765
1126,14_2831_6546.jpg,85440,91765
1127,14_2831_6547.jpg,85440,91765
1128,14_2831_6548.jpg,121150,92823
1129,14_2831_6549.jpg,121150,92823
1130,14_2831_6550.jpg,132429,92886
1131,14_2831_6551.jpg,132429,92886
1132,14_2831_6552.jpg,132429,92886
1133,14_2831_6553.jpg,107682,92807
1134,14_2831_6554.jpg,107682,92807
1135,14_2831_6555.jpg,233749,92861
1136,14_2831_6556.jpg,98250,92869
1137,14_2831_6557.jpg,98250,92869
1138,14_2831_6558.jpg,120008,92705
1139,14_2831_6559.jpg,130225,92782
1140,14_2831_6560.jpg,130225,92782
1141,14_2831_6561.jpg,100053,92606
1142,14_2831_6562.jpg,92181,92604
1143,14_2831_6563.jpg,92181,92604
1144,14_2831_6564.jpg,130291,92612
1145,14_2831_6565.jpg,130291,92612
1146,14_2831_6566.jpg,634366,92657
1147,14_2831_6567.jpg,634366,92657
1148,14_2831_6568.jpg,304004,92651
1149,14_2831_6569.jpg,304004,92651
1150,14_2832_6528.jpg,75856,91759
1151,14_2832_6529.jpg,75856,91759
1152,14_2832_6530.jpg,75856,91759
1153,14_2832_6531.jpg,75856,91759
1154,14_2832_6532.jpg,75856,91759
1155,14_2832_6533.jpg,92232,91750
1156,14_2832_6534.jpg,92232,91750
1157,14_2832_6535.jpg,92232,91750
1158,14_2832_6536.jpg,92232,91750
1159,14_2832_6537.jpg,92232,91750
1160,14_2832_6538.jpg,92232,91750
1161,14_2832_6539.jpg,92232,91750
1162,14_2832_6540.jpg,39570,91768
1163,14_2832_6541.jpg,39570,91768
1164,14_2832_6542.jpg,39570,91768
1165,14_2832_6543.jpg,41372,91766
1166,14_2832_6544.jpg,41372,91766
1167,14_2832_6545.jpg,85440,91765
1168,14_2832_6546.jpg,85440,91765
1169,14_2832_6547.jpg,89840,91709
1170,14_2832_6548.jpg,89840,91709
1171,14_2832_6549.jpg,132429,92886
1172,14_2832_6550.jpg,132429,92886
1173,14_2832_6551.jpg,132429,92886
1174,14_2832_6552.jpg,107682,92807
1175,14_2832_6553.jpg,107682,92807
1176,14_2832_6554.jpg,107682,92807
1177,14_2832_6555.jpg,98250,92869
1178,14_2832_6556.jpg,98250,92869
1179,14_2832_6557.jpg,98250,92869
1180,14_2832_6558.jpg,130225,92782
1181,14_2832_6559.jpg,127858,92602
1182,14_2832_6560.jpg,127858,92602
1183,14_2832_6561.jpg,117148,92620
1184,14_2832_6562.jpg,92181,92604
1185,14_2832_6563.jpg,252809,92603
1186,14_2832_6564.jpg,252809,92603
1187,14_2832_6565.jpg,252809,92603
1188,14_2832_6566.jpg,252809,92603
1189,14_2832_6567.jpg,102314,92656
1190,14_2832_6568.jpg,304004,92651
1191,14_2832_6569.jpg,304004,92651
1192,14_2832_6570.jpg,304004,92651
1193,14_2833_6528.jpg,75856,91759
1194,14_2833_6529.jpg,75856,91759
1195,14_2833_6530.jpg,75856,91759
1196,14_2833_6531.jpg,75856,91759
1197,14_2833_6532.jpg,75856,91759
1198,14_2833_6533.jpg,75856,91759
1199,14_2833_6534.jpg,92232,91750
1200,14_2833_6535.jpg,92232,91750
1201,14_2833_6536.jpg,92232,91750
1202,14_2833_6537.jpg,92232,91750
1203,14_2833_6538.jpg,92232,91750
1204,14_2833_6539.jpg,92232,91750
1205,14_2833_6540.jpg,43096,91767
1206,14_2833_6541.jpg,43096,91767
1207,14_2833_6542.jpg,41372,91766
1208,14_2833_6543.jpg,41372,91766
1209,14_2833_6544.jpg,41372,91766
1210,14_2833_6545.jpg,89840,91709
1211,14_2833_6546.jpg,89840,91709
1212,14_2833_6547.jpg,89840,91709
1213,14_2833_6548.jpg,89840,91709
1214,14_2833_6549.jpg,139530,92887
1215,14_2833_6550.jpg,139530,92887
1216,14_2833_6551.jpg,139530,92887
1217,14_2833_6552.jpg,120366,92808
1218,14_2833_6553.jpg,120366,92808
1219,14_2833_6554.jpg,120366,92808
1220,14_2833_6555.jpg,120366,92808
1221,14_2833_6556.jpg,98250,92869
1222,14_2833_6557.jpg,127858,92602
1223,14_2833_6558.jpg,127858,92602
1224,14_2833_6559.jpg,127858,92602
1225,14_2833_6560.jpg,117148,92620
1226,14_2833_6561.jpg,117148,92620
1227,14_2833_6562.jpg,117148,92620
1228,14_2833_6563.jpg,132586,92618
1229,14_2833_6564.jpg,252809,92603
1230,14_2833_6565.jpg,252809,92603
1231,14_2833_6566.jpg,252809,92603
1232,14_2833_6567.jpg,102314,92656
1233,14_2833_6568.jpg,102314,92656
1234,14_2833_6569.jpg,304004,92651
1235,14_2833_6570.jpg,304004,92651
1236,14_2833_6571.jpg,304004,92651
1237,14_2834_6528.jpg,75856,91759
1238,14_2834_6529.jpg,75856,91759
1239,14_2834_6530.jpg,75856,91759
1240,14_2834_6531.jpg,75856,91759
1241,14_2834_6532.jpg,75856,91759
1242,14_2834_6533.jpg,75856,91759
1243,14_2834_6534.jpg,75856,91759
1244,14_2834_6535.jpg,107573,91711
1245,14_2834_6536.jpg,107573,91711
1246,14_2834_6537.jpg,107573,91711
1247,14_2834_6538.jpg,107573,91711
1248,14_2834_6539.jpg,107573,91711
1249,14_2834_6540.jpg,43096,91767
1250,14_2834_6541.jpg,43096,91767
1251,14_2834_6542.jpg,41372,91766
1252,14_2834_6543.jpg,41372,91766
1253,14_2834_6544.jpg,41372,91766
1254,14_2834_6545.jpg,89840,91709
1255,14_2834_6546.jpg,89840,91709
1256,14_2834_6547.jpg,89840,91709
1257,14_2834_6548.jpg,89840,91709
1258,14_2834_6549.jpg,139530,92887
1259,14_2834_6550.jpg,139530,92887
1260,14_2834_6551.jpg,139530,92887
1261,14_2834_6552.jpg,120366,92808
1262,14_2834_6553.jpg,120366,92808
1263,14_2834_6554.jpg,120366,92808
1264,14_2834_6555.jpg,120366,92808
1265,14_2834_6556.jpg,120366,92808
1266,14_2834_6557.jpg,127858,92602
1267,14_2834_6558.jpg,127858,92602
1268,14_2834_6559.jpg,127858,92602
1269,14_2834_6560.jpg,117148,92620
1270,14_2834_6561.jpg,117148,92620
1271,14_2834_6562.jpg,132586,92618
1272,14_2834_6563.jpg,132586,92618
1273,14_2834_6564.jpg,132586,92618
1274,14_2834_6565.jpg,132586,92618
1275,14_2834_6566.jpg,120745,92653
1276,14_2834_6567.jpg,102314,92656
1277,14_2834_6568.jpg,102314,92656
1278,14_2834_6569.jpg,102314,92656
1279,14_2834_6570.jpg,127509,92677
1280,14_2834_6571.jpg,127509,92677
1281,14_2835_6528.jpg,75856,91759
1282,14_2835_6529.jpg,75856,91759
1283,14_2835_6530.jpg,75856,91759
1284,14_2835_6531.jpg,75856,91759
1285,14_2835_6532.jpg,75856,91759
1286,14_2835_6533.jpg,75856,91759
1287,14_2835_6534.jpg,75856,91759
1288,14_2835_6535.jpg,111672,91784
1289,14_2835_6536.jpg,111672,91784
1290,14_2835_6537.jpg,107573,91711
1291,14_2835_6538.jpg,107573,91711
1292,14_2835_6539.jpg,107573,91711
1293,14_2835_6540.jpg,41720,91763
1294,14_2835_6541.jpg,41720,91763
1295,14_2835_6542.jpg,41720,91763
1296,14_2835_6543.jpg,58393,91710
1297,14_2835_6544.jpg,58393,91710
1298,14_2835_6545.jpg,58393,91710
1299,14_2835_6546.jpg,89840,91709
1300,14_2835_6547.jpg,89840,91709
1301,14_2835_6548.jpg,89840,91709
1302,14_2835_6549.jpg,139530,92887
1303,14_2835_6550.jpg,139530,92887
1304,14_2835_6551.jpg,139530,92887
1305,14_2835_6552.jpg,120366,92808
1306,14_2835_6553.jpg,120366,92808
1307,14_2835_6554.jpg,120366,92808
1308,14_2835_6555.jpg,120366,92808
1309,14_2835_6556.jpg,120366,92808
1310,14_2835_6557.jpg,127858,92602
1311,14_2835_6558.jpg,127858,92602
1312,14_2835_6559.jpg,117148,92620
1313,14_2835_6560.jpg,111710,92610
1314,14_2835_6561.jpg,111710,92610
1315,14_2835_6562.jpg,111710,92610
1316,14_2835_6563.jpg,132586,92618
1317,14_2835_6564.jpg,80333,92630
1318,14_2835_6565.jpg,80333,92630
1319,14_2835_6566.jpg,120745,92653
1320,14_2835_6567.jpg,120745,92653
1321,14_2835_6568.jpg,102314,92656
1322,14_2835_6569.jpg,102314,92656
1323,14_2835_6570.jpg,127509,92677
1324,14_2835_6571.jpg,127509,92677
1325,14_2836_6528.jpg,75856,91759
1326,14_2836_6529.jpg,75856,91759
1327,14_2836_6530.jpg,75856,91759
1328,14_2836_6531.jpg,75856,91759
1329,14_2836_6532.jpg,75856,91759
1330,14_2836_6533.jpg,75856,91759
1331,14_2836_6534.jpg,75856,91759
1332,14_2836_6535.jpg,111672,91784
1333,14_2836_6536.jpg,111672,91784
1334,14_2836_6537.jpg,111672,91784
1335,14_2836_6538.jpg,111672,91784
1336,14_2836_6539.jpg,51626,91786
1337,14_2836_6540.jpg,41720,91763
1338,14_2836_6541.jpg,41720,91763
1339,14_2836_6542.jpg,43340,91762
1340,14_2836_6543.jpg,58393,91710
1341,14_2836_6544.jpg,58393,91710
1342,14_2836_6545.jpg,58393,91710
1343,14_2836_6546.jpg,58393,91710
1344,14_2836_6547.jpg,89840,91709
1345,14_2836_6548.jpg,89840,91709
1346,14_2836_6549.jpg,89840,91709
1347,14_2836_6550.jpg,139530,92887
1348,14_2836_6551.jpg,139530,92887
1349,14_2836_6552.jpg,120366,92808
1350,14_2836_6553.jpg,120366,92808
1351,14_2836_6554.jpg,120366,92808
1352,14_2836_6555.jpg,120366,92808
1353,14_2836_6556.jpg,110454,92676
1354,14_2836_6557.jpg,110454,92676
1355,14_2836_6558.jpg,110454,92676
1356,14_2836_6559.jpg,110454,92676
1357,14_2836_6560.jpg,111710,92610
1358,14_2836_6561.jpg,111710,92610
1359,14_2836_6562.jpg,111710,92610
1360,14_2836_6563.jpg,111710,92610
1361,14_2836_6564.jpg,80333,92630
1362,14_2836_6565.jpg,80333,92630
1363,14_2836_6566.jpg,82736,92691
1364,14_2836_6567.jpg,82736,92691
1365,14_2836_6568.jpg,120745,92653
1366,14_2836_6569.jpg,127509,92677
1367,14_2836_6570.jpg,127509,92677
1368,14_2836_6571.jpg,127509,92677
1369,14_2837_6528.jpg,75856,91759
1370,14_2837_6529.jpg,75856,91759
1371,14_2837_6530.jpg,75856,91759
1372,14_2837_6531.jpg,75856,91759
1373,14_2837_6532.jpg,75856,91759
1374,14_2837_6533.jpg,75856,91759
1375,14_2837_6534.jpg,75856,91759
1376,14_2837_6535.jpg,111672,91784
1377,14_2837_6536.jpg,111672,91784
1378,14_2837_6537.jpg,111672,91784
1379,14_2837_6538.jpg,111672,91784
1380,14_2837_6539.jpg,51626,91786
1381,14_2837_6540.jpg,51626,91786
1382,14_2837_6541.jpg,43340,91762
1383,14_2837_6542.jpg,43340,91762
1384,14_2837_6543.jpg,43340,91762
1385,14_2837_6544.jpg,58393,91710
1386,14_2837_6545.jpg,58393,91710
1387,14_2837_6546.jpg,58393,91710
1388,14_2837_6547.jpg,58393,91710
1389,14_2837_6548.jpg,89840,91709
1390,14_2837_6549.jpg,74680,92880
1391,14_2837_6550.jpg,74680,92880
1392,14_2837_6551.jpg,74680,92880
1393,14_2837_6552.jpg,74680,92880
1394,14_2837_6553.jpg,120366,92808
1395,14_2837_6554.jpg,120366,92808
1396,14_2837_6555.jpg,110454,92676
1397,14_2837_6556.jpg,110454,92676
1398,14_2837_6557.jpg,110454,92676
1399,14_2837_6558.jpg,110454,92676
1400,14_2837_6559.jpg,110454,92676
1401,14_2837_6560.jpg,110454,92676
1402,14_2837_6561.jpg,111710,92610
1403,14_2837_6562.jpg,111710,92610
1404,14_2837_6563.jpg,111710,92610
1405,14_2837_6564.jpg,80333,92630
1406,14_2837_6565.jpg,82736,92691
1407,14_2837_6566.jpg,82736,92691
1408,14_2837_6567.jpg,82736,92691
1409,14_2837_6568.jpg,176900,92694
1410,14_2837_6569.jpg,176900,92694
1411,14_2837_6570.jpg,127509,92677
1412,14_2837_6571.jpg,129721,92675
1413,14_2838_6528.jpg,75856,91759
1414,14_2838_6529.jpg,75856,91759
1415,14_2838_6530.jpg,75856,91759
1416,14_2838_6531.jpg,75856,91759
1417,14_2838_6532.jpg,75856,91759
1418,14_2838_6533.jpg,75856,91759
1419,14_2838_6534.jpg,75856,91759
1420,14_2838_6535.jpg,111672,91784
1421,14_2838_6536.jpg,111672,91784
1422,14_2838_6537.jpg,111672,91784
1423,14_2838_6538.jpg,111672,91784
1424,14_2838_6539.jpg,51626,91786
1425,14_2838_6540.jpg,51626,91786
1426,14_2838_6541.jpg,40210,91764
1427,14_2838_6542.jpg,43340,91762
1428,14_2838_6543.jpg,50519,91761
1429,14_2838_6544.jpg,50519,91761
1430,14_2838_6545.jpg,58393,91710
1431,14_2838_6546.jpg,58393,91710
1432,14_2838_6547.jpg,74680,92880
1433,14_2838_6548.jpg,74680,92880
1434,14_2838_6549.jpg,74680,92880
1435,14_2838_6550.jpg,74680,92880
1436,14_2838_6551.jpg,74680,92880
1437,14_2838_6552.jpg,74680,92880
1438,14_2838_6553.jpg,74680,92880
1439,14_2838_6554.jpg,74680,92880
1440,14_2838_6555.jpg,110454,92676
1441,14_2838_6556.jpg,110454,92676
1442,14_2838_6557.jpg,110454,92676
1443,14_2838_6558.jpg,110454,92676
1444,14_2838_6559.jpg,110454,92676
1445,14_2838_6560.jpg,110454,92676
1446,14_2838_6561.jpg,111710,92610
1447,14_2838_6562.jpg,111710,92610
1448,14_2838_6563.jpg,111710,92610
1449,14_2838_6564.jpg,114219,92692
1450,14_2838_6565.jpg,114219,92692
1451,14_2838_6566.jpg,114219,92692
1452,14_2838_6567.jpg,114219,92692
1453,14_2838_6568.jpg,176900,92694
1454,14_2838_6569.jpg,176900,92694
1455,14_2838_6570.jpg,176900,92694
1456,14_2838_6571.jpg,129721,92675
